model,s100,sigma,s100_conv,sigma_conv,deviance,dof,s100_se,sigma_se
lognorm,4.030413076669032,0.74042626225385,32.530627390968846,63.26315795446246,146.44574880119424,66,7.513393502000029,72.19687468681795
norm.loc,31.58567733225991,25.663158141295753,31.58567733225991,25.663158141295753,147.01789284796106,66,6.205515192545358,11.47659346221711
norm.sca,68.49356717427911,48.3493684941585,68.49356717427911,48.3493684941585,149.80788081360336,66,219.4295528272433,128.46023449244365
