model,s100,sigma,s100_conv,sigma_conv,deviance,dof,s100_se,sigma_se
norm.sca,18.780804380415297,5.983915012003659,18.780804380415297,5.983915012003659,63.41508198534968,29,0.6264935892888426,0.2326386480427504
norm.loc,19.756953731641186,4.977664637858491,19.756953731641186,4.977664637858491,68.35662374309534,29,0.38353213039156786,0.12699929623739936
lognorm,3.041531397222186,0.20877954100383056,20.044253425569668,4.516720786534098,79.45556091603716,29,0.32209151049988377,0.12659460546860649
