model,mode,spread,mode_conv,spread_conv,deviance,dof,mode_se,spread_se
norm.sca,22.327986428451567,5.639478019480272,22.327986428451567,5.639478019480272,60.529091164381875,29,0.36857366029036226,0.1937090549639545
norm.loc,22.127295813569887,5.234115005277644,22.127295813569887,5.234115005277644,64.77290990472335,29,0.276896138412605,0.15230539472939758
lognorm,3.137549729213537,0.20723331313848606,22.07849555826038,4.932704327866092,75.94422231618086,29,0.2515319214681808,0.16574951171687877
